product_id,Product Name,Batch,Checker,0
88,Dada Ayam Boneless Fillet Organik Probiotik Natural Poultry 500 gram,Split Hub,Aman,
100,Cimory Squeeze Original Yogurt 120ml 120 ml,Split Hub,Aman,
143,Walls Magnum Mini Classic 270 ml,Split Hub,Aman,
263,Elle & Vire Butter Packet Unsalted 200 gram,Split Hub,Aman,
355,Heavenly Blush Greek Granola Yogurt 100 gram,Split Hub,Aman,
449,Belfoods Sosis Ayam 6pcs,Split Hub,Aman,
545,Anchor Minidish Unsalted Butter 7gr x 10 pcs 70 gram,Split Hub,Aman,
550,Bakso Warisan Ibu Tahu Bakso Sapi Premium 8 pcs 500 gram,Split Hub,Aman,
568,Kanzler Smoked Beef 250 gram,Split Hub,Aman,
595,Udang Laut Kupas Bersih M Java Sea 200 gram,Split Hub,Aman,
652,Anchor Minidish Salted Butter 7gr x 10 pcs/Mentega 70 gram,Split Hub,Aman,
684,Bakso Warisan Ibu Super Halus 20 pcs 500 gram,Split Hub,Aman,
691,Heavenly Blush Greek Peach Yogurt 100 gram,Split Hub,Aman,
693,Dada Ayam Parting Organik Probiotik Natural Poultry 1 kg,Split Hub,Aman,
712,Sambal Khas Bu Rudy Sambal Bawang 110 gram,Split Hub,Aman,
720,Kanzler Beef Cocktail Sausages 500 gram,Split Hub,Aman,
1071,Aice Mochi Vanilla Ice Cream 1 pcs/Es Krim 30 gram,Split Hub,Aman,
1072,Aice Popsicle Nanas 65 gram,Split Hub,Aman,
1073,Aice Mochi Coklat Ice Cream 1 pcs/Es Krim 45 ml,Split Hub,Aman,
1074,Aice Mochi Durian Ice Cream 1 pcs/Es Krim 45 ml,Split Hub,Aman,
1102,TYJ Happy Belly Gyoza Skin 300 gram,Split Hub,Aman,
1103,TYJ Kulit Spring Roll 275 gram,Split Hub,Aman,
1330,Cimory Yogurt Drink Blueberry 240 ml,Split Hub,Aman,
1345,Greenfields Mozzarella Cheese/Keju 200 gram,Split Hub,Aman,
1346,Greenfields Fresh Milk Strawberry/Susu Segar 950 ml,Split Hub,Aman,
1347,Greenfields Fresh Milk Plain/Susu Segar 950 ml,Split Hub,Aman,
1420,Kimbo Cocktail Sausages 450 gram,Split Hub,Aman,
1421,Kimbo Bratwurst Sausages 450 gram,Split Hub,Aman,
1495,Aice Popsicle Semangka 65 gram,Split Hub,Aman,
1594,Biokul Stirred Plain Yogurt 1000 ml,Split Hub,Aman,
1604,Walls Magnum Almond 80 ml,Split Hub,Aman,
1605,Walls Magnum Classic Belgian Chocolate 80 ml,Split Hub,Aman,
1608,Cornetto Ice Cream Disc Chocolate Es Krim Walls 120 ml,Split Hub,Aman,
1626,Cornetto Oreo Ice Cream Walls 110 ml,Split Hub,Aman,
1635,Cornetto Silverqueen Ice Cream - Es Krim Walls 110 ml,Split Hub,Aman,
1765,Elle Vire Cooking Cream Special 35.1% Fat 200 ml,Split Hub,Aman,
1833,Sempio Fresh Udon Noodle 200 gram,Split Hub,Aman,
2056,Kanzler Singles Keju Ready to Eat Sausages 1 pcs,Split Hub,Aman,
2057,Kanzler Singles Original Ready to Eat Sausages 1 pcs 65 gram,Split Hub,Aman,
2342,Belcube Spread Cheese/Keju 125 gram,Split Hub,Aman,
2413,Heavenly Blush Greek Strawberry Yogurt 100 gram,Split Hub,Aman,
2456,Kin Bulgarian Strawberry Yogurt Drink 200 ml,Split Hub,Aman,
2457,Kin Bulgarian Blueberry Yogurt Drink 200 ml,Split Hub,Aman,
2533,Belfoods Fav Chicken Nugget 500 gram,Split Hub,Aman,
2610,Cimory Squeeze Peach Yogurt 120 ml,Split Hub,Aman,
2689,Greenfields Fresh Milk Jersey 950 ml,Split Hub,Aman,
2871,Greenfields Fresh Milk Low Fat 950 ml,Split Hub,Aman,
2959,Walls Paddle Pop Rainbow 50 ml,Split Hub,Aman,
2960,Walls Populaire Chocolate Ice Cream - Es Krim Walls 90 ml,Split Hub,Aman,
2961,Walls Feast Chocolate 65 ml,Split Hub,Aman,
2962,Walls Feast Vanilla 65 ml,Split Hub,Aman,
2964,Walls Selection Strawberry Cheesecake Ice Cream - Es Krim Walls 410 ml,Split Hub,Aman,
2965,Golden Farm French Fries Crinkle Cut 500 gram,Split Hub,Aman,
2966,Golden Farm French Fries Shoestring 500 gram,Split Hub,Aman,
2968,Golden Farm Mixed Vegetable Sayuran Beku 500 gram,Split Hub,Aman,
2987,Walls Populaire Strawberry Ice Cream - Es Krim Walls 90 ml,Split Hub,Aman,
2990,Daging Brisket Slice Import Astro Basics 250 gram,Split Hub,Aman,
2992,Daging Shortplate Slice Import Astro Goods 250 gram,Split Hub,Aman,
3012,Ayam Nanas Belfoods Potong 9 Sreeya 950 gram,Split Hub,Aman,
3069,Ikan Asin Peda Merah 150 gram,Split Hub,Aman,
3070,Udang Rebon 100 gram,Split Hub,Aman,
3071,Ikan Asin Japuh 100 gram,Split Hub,Aman,
3073,Ikan Asin Bilis 100 gram,Split Hub,Aman,
3074,Ikan Asin Cumi Telur 100 gram,Split Hub,Aman,
3113,Ribeye Steak Import Astro Goods 500 gram,Split Hub,Aman,
3114,Daging Sapi Giling Low Fat Import 500 gram,Split Hub,Aman,
3115,Daging Ayam Giling Astro Farm 500 gram,Split Hub,Aman,
3118,Daging Sapi Brisket Slice AUS Premium 500 gram,Split Hub,Aman,
3465,Kanzler Chicken Nugget Original 450 gram,Split Hub,Aman,
3466,Kanzler Crispy Chicken Nugget 450 gram,Split Hub,Aman,
3467,Kanzler Cheese Frankfurter Sausages 360 gram,Split Hub,Aman,
3468,Kanzler Blackpepper Frankfurter Sausages 300 gram,Split Hub,Aman,
3469,Kanzler Cheese Cocktail Sausages 500 gram,Split Hub,Aman,
3470,Kanzler Singles Hot Ready to Eat Sausages 60 gram,Split Hub,Aman,
3471,Kanzler Chicken Cordon Blue Frozen Food 300 gram,Split Hub,Aman,
3685,Heavenly Blush Greek Classic Yogurt 200 ml,Split Hub,Aman,
3687,Heavenly Blush Yoguruto Original Yogurt Drink 200 ml,Split Hub,Aman,
3688,Heavenly Blush Yoguruto Strawberry Yogurt Drink 200 ml,Split Hub,Aman,
3689,Heavenly Blush Yoguruto Blackcurrant Yogurt Drink 200 ml,Split Hub,Aman,
3773,Ikan Teri Medan 100 gram,Split Hub,Aman,
3897,Heavenly Blush Yoguruto Peach Yogurt Drink 200 ml,Split Hub,Aman,
3902,Heavenly Blush Tummy Yogurt Drink Blueberry Redbeet 180 ml,Split Hub,Aman,
3984,Yummy Mascarpone Keju Cream 250 gram,Split Hub,Aman,
4078,Ayam Kampung Utuh Frozen Astro Farm 900 gram,Split Hub,Aman,
4079,Ayam Kampung Parting 8 Frozen Astro Farm 900 gram,Split Hub,Aman,
4136,Kanzler Beef Cocktail Sausages 250 gram,Split Hub,Aman,
4200,The Laughing Cow Cheese Triangle 8 Portion 120 gram,Split Hub,Aman,
4202,Babybel Mini Cheese/Keju isi 5 110 gram,Split Hub,Aman,
4203,The Laughing Cow Cheese Dipper/Keju 140 gram,Split Hub,Aman,
4237,Anchor Salted Butter/Mentega 100 gram,Split Hub,Aman,
4257,Anchor Cheese Cheddar Slice 12 Pcs/Keju 200 gram,Split Hub,Aman,
4335,Salmon Fillet Astro Goods 200 gram,Split Hub,Aman,
4336,Salmon Fillet Kirimi Astro Goods 300 gram,Split Hub,Aman,
4426,A-M Kulit Pangsit Serbaguna Special 10 x 10 cm 50 Lembar,Split Hub,Aman,
4480,Diamond Jungle Juice Orange/Jus 200 ml,Split Hub,Aman,
4481,Diamond Jungle Juice Guava/Jus 200 ml,Split Hub,Aman,
4482,Diamond Jungle Juice Apple/Jus 200 ml,Split Hub,Aman,
4483,Diamond Jungle Juice Orange 1 Liter,Split Hub,Aman,
4484,Diamond Jungle Juice Guava 1 Liter,Split Hub,Aman,
4485,Diamond Jungle Juice Apple 1 Liter,Split Hub,Aman,
4894,Hati Sapi Import Astro Basics 250 gram,Split Hub,Aman,
4966,Ikan Dori Fillet Non Blood Line (NBL) Astro Goods 500 gram,Split Hub,Aman,
4993,Daging Sapi Rendang Import Astro Basics 500 gram,Split Hub,Aman,
4994,Daging Semur Import Astro Basics 500 gram,Split Hub,Aman,
5067,Ikan Kembung Banjar Astro Basics 400 gram,Split Hub,Aman,
5068,Ikan Bandeng Bersih Astro Basics 400 gram,Split Hub,Aman,
5360,Belfoods Royal Gangnam Chicken 200 gram,Split Hub,Aman,
5546,Cumi Ring - Astro Goods 500 gram,Split Hub,Aman,
5672,Udang Vaname Utuh Astro Goods 500 gram,Split Hub,Aman,
5673,Arla Keju Cheese Spread 140 gram,Split Hub,Aman,
5674,Arla Keju Mozzarella Shredded Cheese 175 gram,Split Hub,Aman,
5682,Ikan Selar Astro Basics 500 gram,Split Hub,Aman,
5683,Tenggiri Steak Astro Basics 500 gram,Split Hub,Aman,
5686,Lurpak Salted Butter 200 gram,Split Hub,Aman,
5687,Lurpak Unsalted Butter 200 gram,Split Hub,Aman,
5761,Walls Magnum Mini Almond 270 ml,Split Hub,Aman,
5779,Aice Sweet Corn 52 gram,Split Hub,Aman,
5780,Aice Chocolate Crispy 60 gram,Split Hub,Aman,
5831,Ikan Tenggiri Giling 250 gram,Split Hub,Aman,
5832,Udang Kupas Vanamei Size L Astro Goods 500 gram,Split Hub,Aman,
5844,Riverland Chicken Bonito Karaage 500 gram,Split Hub,Aman,
5845,Riverland Smoked Cheddar Sausage 360 gram,Split Hub,Aman,
5943,Benfarm Chicken Nugget Original 400 gram,Split Hub,Aman,
5944,Benfarm Chicken Nugget Stick 400 gram,Split Hub,Aman,
5985,Greenfields Yogurt Drink Strawberry 240 ml,Split Hub,Aman,
6001,Kanzler Frankfurter Cocktail Sausages 500 gram,Split Hub,Aman,
6004,Cimory Fresh Milk Plain 950 ml,Split Hub,Aman,
6006,Cimory Greek Plain Yogurt 400 gram,Split Hub,Aman,
6011,Biokul Stirred Yogurt Strawberry 80 ml,Split Hub,Aman,
6012,Biokul Stirred Yogurt Blueberry 80 ml,Split Hub,Aman,
6056,Daging Shortplate Slice Import Astro Basics 250 gram,Split Hub,Aman,
6057,Daging Sapi Giling Reguler Import 500 gram,Split Hub,Aman,
6058,Daging Sapi Teriyaki Import Astro Basics 250 gram,Split Hub,Aman,
6059,Daging Teriyaki Import Astro Goods 500 gram,Split Hub,Aman,
6060,Saikoro Meltique Import 500 gram,Split Hub,Aman,
6062,Sirloin Steak USA Astro Goods 500 gram,Split Hub,Aman,
6063,Daging Ayam Giling Astro Farm 250 gram,Split Hub,Aman,
6064,Chicken Teriyaki Astro Farm 250 gram,Split Hub,Aman,
6105,Daging Shortplate Slice Import Astro Goods 500 gram,Split Hub,Aman,
6111,Cumi Sero - Astro Goods 500 gram,Split Hub,Aman,
6136,Walls Cornetto Mini Disc Chocolate and Tiramisu 12 x 28 ml 336 ml,Split Hub,Aman,
6137,Walls Cornetto Mini Oreo Ice Cream 12 x 28 ml 336 ml,Split Hub,Aman,
6138,Walls Neopolitana 3in1 Tube Ice Cream - Es Krim Walls 350 ml,Split Hub,Aman,
6251,Kin Bulgarian Black Yogurt Drink 200 ml,Split Hub,Aman,
6494,Meg Processed Cream Cheese 500 gram,Split Hub,Aman,
6506,Ikan Gurame Bersih Utuh Astro Basics 450 gram,Split Hub,Aman,
6508,Ikan Nila Merah Bersih Utuh Astro Basics 480 gram,Split Hub,Aman,
6511,Ikan Balita Mas Astro Basics 200 gram,Split Hub,Aman,
6512,SAU Saikoro Now 500 gram,Split Hub,Aman,
6583,Diamond Ice Cream Chocolate/Es Krim 700 ml,Split Hub,Aman,
6584,Diamond Ice Cream Durian/Es Krim 700 ml,Split Hub,Aman,
6585,Diamond Ice Cream Vanilla 700 ml,Split Hub,Aman,
6586,Diamond Ice Cream Neapolitan/Es Krim 700 ml,Split Hub,Aman,
6858,Sumber Selera Bakso SB Serbaguna 50 pcs 650 gram,Split Hub,Aman,
6862,Hanzel Smoked Beef 200 gram,Split Hub,Aman,
7661,Walls Feast Pop Vanilla & Caramel 64 ml,Split Hub,Aman,
8363,Walls Magnum New Mini Mix 270 ml,Split Hub,Aman,
8461,Greenfields Pouch Mango Yogurt 110 gram,Split Hub,Aman,
8511,Paha Ayam Bawah 4-5 Potong Sreeya 450 gram,Split Hub,Aman,
8512,Paha Ayam Atas Sreeya 450-550gram,Split Hub,Aman,
8521,Ayam Broiler Potong 10 Sreeya 900-1000gram,Split Hub,Aman,
8522,Sayap Ayam Utuh Sreeya Chicken Wings 450 - 550gram,Split Hub,Aman,
8540,Greenfields Pouch Strawberry Yogurt 110 gram,Split Hub,Aman,
8541,Greenfields Pouch Original Yogurt 110 gram,Split Hub,Aman,
8542,Greenfields Pouch Blueberry Yogurt 110 gram,Split Hub,Aman,
8757,Puck Cream Cheese Spread 140gr/Keju Oles 140 gram,Split Hub,Aman,
8758,Puck Cream Cheese Sticks 6x18gr/Krim Keju,Split Hub,Aman,
8863,Barnardi Smoked Beef Bulat 250 gram,Split Hub,Aman,
8894,Aice Histeria Ice Cream 70 ml,Split Hub,Aman,
8933,Belfoods Crunchy Nugget 500 gram,Split Hub,Aman,
8934,Bonanza Bakso Sapi Gold 500 gram,Split Hub,Aman,
9068,Kanzler Bockwurst Sausages 360 gram,Split Hub,Aman,
9735,Kanzler Singles Bakso Original Ready to Eat 48 gram,Split Hub,Aman,
9938,Daging Oseng Import Astro Basics 250 gram,Split Hub,Aman,
9939,Daging Sop Import Astro Basics 500 gram,Split Hub,Aman,
9940,Daging Empal Import Astro Basics 500 gram,Split Hub,Aman,
10034,Tasty Fries Shoestring Plain French Fries 900 gram,Split Hub,Aman,
14264,Kanzler Singles Gochujang Ready to Eat Sausages,Split Hub,Aman,
14265,Kanzler Cheese Bratwurst Sausages 360 gram,Split Hub,Aman,
14267,Cimory Squeeze Brown Sugar Yogurt 120 ml,Split Hub,Aman,
20630,Ikan Gindara Fillet Steak 200 gram,Split Hub,Aman,
20631,Ikan Kakap Merah Fillet 500 gram,Split Hub,Aman,
20996,Kanzler Singles Bakso Hot Ready to Eat 55 gram,Split Hub,Aman,
20997,Cimory Yogurt Drink Lychee 240 ml,Split Hub,Aman,
21051,Kanzler Beef Wiener Sosis/Sausage 360 gram,Split Hub,Aman,
21052,Kanzler Singles Mini Sausages 60 gram,Split Hub,Aman,
21053,Anchor Keju Block Cheddar/Keju 150 gram,Split Hub,Aman,
21492,Dada Ayam Boneless (BSB) Sreeya 450 - 550gram,Split Hub,Aman,
21494,Paha Ayam Boneless (BSL) Sreeya 450 - 550 gram,Split Hub,Aman,
21809,Golden Farm Potato Nugget French Fries 750 gram,Split Hub,Aman,
21814,Paru Rebus Slice Import Astro Basics 250 gram,Split Hub,Aman,
21908,Tobiko Orange/Telur Ikan Terbang/Flying Fish Roe 100 gram,Split Hub,Aman,
21909,Ikan Capelin Komochi Shishamo 170 gram,Split Hub,Aman,
22061,Ikan Tongkol Pindang Siap Saji Pouch 250 gram,Split Hub,Aman,
22100,Kerang Kepa Utuh - Astro Basics 500 gram,Split Hub,Aman,
22101,Kerang Dara Utuh Besar Astro Basics 500 gram,Split Hub,Aman,
22102,Kerang Hijau Utuh Besar Astro Basics 500 gram,Split Hub,Aman,
22753,Golden Farm Vegetable Frozen Green Peas 500 gram,Split Hub,Aman,
22891,Cumi Ring - Astro Goods 250 gram,Split Hub,Aman,
22932,Walls Magnum Matcha Crumble 80 ml,Split Hub,Aman,
22958,Anchor Unsalted Butter/Mentega 200gram 200 gram,Split Hub,Aman,
23135,Paha Ayam Bawah Chicken Thigh Astro Basics 450 - 550gram,Split Hub,Aman,
23136,Paha Ayam Boneless (BSL) Astro Farm 450 - 550 gram,Split Hub,Aman,
23137,Paha Ayam Utuh Astro Farm Chicken Thigh 450 - 550gram,Split Hub,Aman,
23366,Kikil Rebus Import Astro Basics 500 gram,Split Hub,Aman,
23434,Anchor Salted Butter/Mentega 200 gram,Split Hub,Aman,
23459,Ikan Cakalang Utuh Astro Basics 400-460gram,Split Hub,Aman,
23535,Chicken Breast Fillet Marinade Original Bitte 120 gram,Split Hub,Aman,
23536,Chicken Thighs Fillet Marinade Sweet Lemon BBQ Bitte 120 gram,Split Hub,Aman,
23538,Chicken Breast Fillet Marinade Italian Bitte/Dada Ayam 120 gram,Split Hub,Aman,
23539,Chicken Thighs Fillet Marinade Red Hot Bitte/Paha Ayam 120 gram,Split Hub,Aman,
23540,Chicken Breast Fillet Marinade Shawarma Bitte/Dada Ayam 120 gram,Split Hub,Aman,
23664,Daging Sengkel Import Astro Goods 500 gram,Split Hub,Aman,
23665,Ikan Tongkol Utuh Astro Basics 450 gram,Split Hub,Aman,
23726,Belfoods Spicy Wings 500 gram,Split Hub,Aman,
23727,Belfoods Royal Cordon Bleu 250 gram,Split Hub,Aman,
23728,Belfoods Royal Crispy Karaage 500 gram,Split Hub,Aman,
23898,Walls Oreo Cookies & Cream Cup Ice Cream - Es Krim Walls 90 ml,Split Hub,Aman,
23923,Ikan Nila Fillet 200gram 200 gram,Split Hub,Aman,
24091,Daging Wagyu Misuji Beef Slice Astro Goods 250 gram,Split Hub,Aman,
24092,Daging Picanha Wagyu Steak MB5 Astro Goods 150 gram,Split Hub,Aman,
24119,Ayam Broiler 10 Potong Astro Basics 1 kg,Split Hub,Aman,
24120,Dada Ayam Boneless (BSB) Astro Farm/Chicken Breast 450 - 550 gram,Split Hub,Aman,
24130,Dada Boneless BLD Ayam Nanas Sreeya  450gram 450 gram,Split Hub,Aman,
24131,Ceker Ayam Bersih Sreeya 450-550gram,Split Hub,Aman,
24421,Udang Vanamei Potong Kepala HL V 21/30 pack Java Sea x Astro Goods 200 gram,Split Hub,Aman,
24422,Udang Vanamei Kupas PUD V 60/70 pack Java Sea x Astro Goods 200 gram,Split Hub,Aman,
24423,Udang Vanamei Giling Halus Premium Java Sea x Astro Goods 200 gram,Split Hub,Aman,
24463,Tasty Fries Crinkle Cut Plain French Fries 900 gram,Split Hub,Aman,
24706,Golden Thorn Durian Musang King 70 gram,Split Hub,Aman,
24764,Kerang Batik - Astro Basics 500 gram,Split Hub,Aman,
24801,Athien Otak - Otak Super 10 pcs,Split Hub,Aman,
24835,Black Salmon Fillet Astro Goods 250 gram,Split Hub,Aman,
24890,Daging Tulang Sop Import Astro Basics 500 gram,Split Hub,Aman,
25019,Ikan Dori Fillet NBL - Astro Goods 250 gram,Split Hub,Aman,
25035,Ayam Broiler Utuh Astro Farm 800gr - 900gr,Split Hub,Aman,
25089,Edo Pizza Base 120 gram,Split Hub,Aman,
25090,Kart's Roti Canai 8pcs 480 gram,Split Hub,Aman,
25157,Ribeye Steak Import Astro Goods 250 gram,Split Hub,Aman,
25304,Belfoods Royal Hongdae Chicken 200 gram,Split Hub,Aman,
25837,Ikan Salmon Giling 100 gram,Split Hub,Aman,
25839,Lidah Sapi Slice Import Astro Basics 250 gram,Split Hub,Aman,
25843,Ampela Ayam Bersih Sreeya Gizzard 450 - 550gram,Split Hub,Aman,
26164,Lean Shabu (Low Fat Prime Beef) Import Astro Goods 250 gram,Split Hub,Aman,
26165,Tenderloin Meltique Has Dalam Import 200 gram,Split Hub,Aman,
26221,Athien Bakso Goreng 220 gram,Split Hub,Aman,
26277,Ikan Bawal Hitam Bersih Astro Basics 500 gram,Split Hub,Aman,
26278,Ikan Kuwe Bersih Astro Basics 500 gram,Split Hub,Aman,
26474,Greenfields Ricotta Cheese 250 gram,Split Hub,Aman,
26478,Edo Mantou Cokelat 320 gram,Split Hub,Aman,
26752,El Primo Beef Cheese Sausages 500 gram,Split Hub,Aman,
26842,Riverland Smoked Arabiki Beef Cheddar Cocktail Sausages 300 gram,Split Hub,Aman,
26846,Riverland Smoked Chicken Cheese Mini Sausages 240 gram,Split Hub,Aman,
26911,Shinshuichi Enachan Shiro Miso Paste/ Pasta Miso Tauco Putih 1 kg,Split Hub,Aman,
27183,Heavenly Blush Greek Honey Yogurt 100 gram,Split Hub,Aman,
27184,Heavenly Blush Greek Original Yogurt 1000 gram,Split Hub,Aman,
27249,Sum Sum Tulang Sapi Import Astro Basics 500 gram,Split Hub,Aman,
28231,Belfoods Royal Beef Frankfurter Sausages 200 gram,Split Hub,Aman,
28233,Belfoods Royal Cheese Frankfurter Sausages 200 gram,Split Hub,Aman,
28334,Ayam Pejantan 6 Parting Astro Farm 700-800gram,Split Hub,Aman,
28339,Kerang Batu Matang Javasea 200 gram,Split Hub,Aman,
28716,Anchor Unsalted Butter/Mentega 100 gram,Split Hub,Aman,
29183,Ikan Bawal Putih Bersih Astro Goods 300-400gram,Split Hub,Aman,
29563,Daging Shabu Japanese Wagyu A5 Astro Goods 200 gram,Split Hub,Aman,
30050,Kiri Cream Cheese 100 gram,Split Hub,Aman,
30243,Walls Paddle Pop Upin Ipin 60 ml,Split Hub,Aman,
30437,Lamb Chop Import  500 gram,Split Hub,Aman,
30504,EDO Pancake Original 165 gram,Split Hub,Aman,
30505,Edo Mini Pau Kacang Merah,Split Hub,Aman,
30508,Belut Tanpa Kepala 300-350gr,Split Hub,Aman,
30522,Daging Sapi Rendang Astro Basics 1000 gram,Split Hub,Aman,
30523,Japanese Wagyu A5 Rosu Sashi 100 gram,Split Hub,Aman,
30561,Ikan Patin Utuh Bersih 500-600gr,Split Hub,Aman,
30562,Ikan Gabus Air Tawar 500-600gr,Split Hub,Aman,
31110,Kulit Ayam Sreeya 500 gram,Split Hub,Aman,
31223,Ikan Gurame Bumbu Kuning 350-400gr,Split Hub,Aman,
31261,Ayam Nanas Chicken Teriyaki 250 gram,Split Hub,Aman,
31262,Ayam Nanas Chicken Katsu 250gram 250 gram,Split Hub,Aman,
31274,Biokul To Go Mango Yogurt 80 gram,Split Hub,Aman,
31275,Biokul To Go Lychee Yogurt 80 gram,Split Hub,Aman,
31276,Biokul To Go Mixberry Yogurt 80 gram,Split Hub,Aman,
31280,Biokul Greek Topping Strawberry Yogurt 100 gram,Split Hub,Aman,
31287,Kin Bulgarian Slimberries Yogurt Drink 200 ml,Split Hub,Aman,
31291,KIN A2 Fresh Milk 1 Liter,Split Hub,Aman,
31464,Cornetto Black & White Ice Cream Walls 80 ml,Split Hub,Aman,
31490,Ikan Bawal Tawar 480-520gr,Split Hub,Aman,
31491,Ikan Ekor Kuning Bersih 250-350gram,Split Hub,Aman,
31527,Udang Laut Kupas Bersih L Java Sea 195-205 gram,Split Hub,Aman,
31535,Bumifood Fish & Chips 200 gram,Split Hub,Aman,
31536,Bumifood Chicken Gyoza 200 gram,Split Hub,Aman,
31538,Bumifood Hakau Udang 222 gram,Split Hub,Aman,
31539,Bumifood Ebi Furai 220 gram,Split Hub,Aman,
31704,Keju Bega Cheese Stringers Mozarella (4x20gr),Split Hub,Aman,
31777,Golden Farm Edamame Salted 450 gram,Split Hub,Aman,
31800,Kanzler Garlic Frankfurter Sausages 300 gram,Split Hub,Aman,
31813,Salmon Belly 230-250gram,Split Hub,Aman,
31815,Ikan Tuna Saikoro 500 gram,Split Hub,Aman,
31880,Meatboys Burger Patty 100% Black Angus 3 x 150gr,Split Hub,Aman,
31881,Tetelan Sapi Import 500 gram,Split Hub,Aman,
31882,Iga Gondrong Sapi Import 500 gram,Split Hub,Aman,
31900,Ikan Dori NBL Premium 500 gram,Split Hub,Aman,
31925,Heavenly Blush Greek Lychee Yogurt 100 gram,Split Hub,Aman,
32105,Wall's Paddle Pop Ice Cream Minion Cup - Es Krim Walls 90 ml,Split Hub,Aman,
32184,Bernardi Delicatessen Breakfash Sausage With Cheese 190 gram,Split Hub,Aman,
32185,Bernardi Bakso Sapi Besar 25pcs 340 gram,Split Hub,Aman,
32186,Bernardi Beef Burger 12 pcs,Split Hub,Aman,
32190,Golden Farm French Fries Shoestring 1000 gram,Split Hub,Aman,
32248,Bernardi Sosis Sapi 1 kg,Split Hub,Aman,
32318,Dada Fillet Organik Berkah Chicken 500 gram,Split Hub,Aman,
32319,Ayam Organik 9 Parting Berkah Chicken 800 - 900gram,Split Hub,Aman,
32336,El Primo Smoked Beef Ham Sliced Round 500 gram,Split Hub,Aman,
32339,Bernardi Bakso Sapi Kasar 25pcs x 360gr,Split Hub,Aman,
32340,Bernardi Tom Yum Instan 300 gram,Split Hub,Aman,
32341,Bernardi Bakso Ikan 50pcs x 360gr,Split Hub,Aman,
32415,Yummy Yogurt Plain 80 gram,Split Hub,Aman,
32430,Biokul Stirred Yogurt Apricot 80 gram,Split Hub,Aman,
32436,Biokul Strawberry Yogurt Drink 150 ml,Split Hub,Aman,
32437,Biokul Mango Yogurt Drink 150 ml,Split Hub,Aman,
32446,Golden Farm French Fries Crinkle Cut 1 kg,Split Hub,Aman,
32449,Walls Oreo Stick 80 ml,Split Hub,Aman,
32549,Ile De France Mini Brie Cheese 5pcs x 25gr,Split Hub,Aman,
32570,Cimory Yogurt Drink Low Fat Strawberry & Mango 250 ml,Split Hub,Aman,
32571,Cimory Yogurt Drink Low Fat Banana 240 ml,Split Hub,Aman,
32696,Heavenly Blush Greek Yogurt Plain 330 ml,Split Hub,Aman,
32709,Cimory Yogurt Drink Low Fat Original 240 ml,Split Hub,Aman,
32725,Diamond Jungle Juice Pineapple/ Jus Nanas 1 Liter,Split Hub,Aman,
32728,Diamond Jungle Juice Lemon 1 Liter,Split Hub,Aman,
32748,Walls Magnum Mango Yoghurt Parfait 80 ml,Split Hub,Aman,
32833,Belfoods Chicken Cocktail Sausages 400 gram,Split Hub,Aman,
32853,Greenfields Susu Fresh Milk Caffe Latte 950 ml,Split Hub,Aman,
32856,Heavenly Blush Yoguruto Blackcurrant Yogurt 24pcs x 180ml,Split Hub,Aman,
32897,Alba Parmesan Wedge/ Keju Parmesan 200 gram,Split Hub,Aman,
33154,Kraft Keju Cheddar Mini 30 gram,Split Hub,Aman,
33217,Sumber Selera Bakso Sapi Premium 50pcs 650 gram,Split Hub,Aman,
33252,Unagi Kabayaki M 100 gram,Split Hub,Aman,
33314,Greenfields Original Yogurt 1000 gram,Split Hub,Aman,
33315,Greenfields Plain Yogurt 1000 gram,Split Hub,Aman,
33332,Greenfields Fresh Milk Full Cream/Susu Segar 1890 ml,Split Hub,Aman,
33354,Edo Petite Croissant Cheese Crust 66 gram,Split Hub,Aman,
33355,Edo Petite Croissant Butterlicious 66 gram,Split Hub,Aman,
33356,Edo Puff Pastry Sheet 750 gram,Split Hub,Aman,
33378,Haagen-Dazs Caramel Biscuit & Cream Ice Cream Mini Cup 100 ml,Split Hub,Aman,
33673,Sumber Selera Bakso Isi Keju 300 gram,Split Hub,Aman,
33674,Sumber Selera Bakso Polos Daging Kombinasi dan Ayam 650 gram,Split Hub,Aman,
33719,Kanzler Crispy Spicy Chicken Nugget 450gram 450 gram,Split Hub,Aman,
33724,Benfarm Mac and Cheese Bites 180 gram,Split Hub,Aman,
33751,Paletas Wey Mango Strawberry 100 gram,Split Hub,Aman,
33752,Paletas Wey Fruity Lime Strawberry 100 gram,Split Hub,Aman,
33785,Paha Ayam Atas Astro Basics 450 - 550gram,Split Hub,Aman,
33789,Elle & Vire Butter Unsalted Spread & Cooking 60%Fat 200 gram,Split Hub,Aman,
33946,Cimory Bites Strawberry Lychee Yogurt 120 gram,Split Hub,Aman,
33948,Cimory Bites Berry Blend Yogurt 120 gram,Split Hub,Aman,
33949,Cimory Bites Strawberry Mango Yogurt 120 gram,Split Hub,Aman,
34032,Ceker Ayam Astro Basics 450-550gram,Split Hub,Aman,
34033,Kulit Ayam Astro Basics 450-550gram,Split Hub,Aman,
34050,Sayap Ayam Utuh Astro Basics 450 - 550gram,Split Hub,Aman,
34415,Rious Gold Cake Mini Choco Cheese 200 gram,Split Hub,Aman,
34429,Weiwang Siomay Ayam 15 pcs,Split Hub,Aman,
35008,Greenfields Fresh Milk Choco Malt 320 ml,Split Hub,Aman,
35009,Greenfields Fresh Milk Full Cream 320 ml,Split Hub,Aman,
35010,Ayam Boiler Utuh 900gr - 1000gr Astro Farm,Split Hub,Aman,
35065,Yummy Feta Cheese 250 gram,Split Hub,Aman,
35074,Greenfields Fresh Milk Low Fat Caffe Latte 320 ml,Split Hub,Aman,
35179,Dada Ayam Boneless Fillet Organik Probiotik Hona Farm 500 gram,Split Hub,Aman,
35180,Paha Ayam Bawah Negeri Organik Probiotik Hona Farm 600 gram,Split Hub,Aman,
35181,Ayam Negeri Organik Probiotik+Jamu Baby 600gr - 700gr Hona Farm,Split Hub,Aman,
35182,Ayam Kampung Organik Probiotik+Jamu Regular 700gr - 800gr Hona Farm,Split Hub,Aman,
35183,Sayap Ayam Parting Organik Probiotik Hona Farm 500 gram,Split Hub,Aman,
35184,Paha Ayam Boneless Fillet Organik Probiotik Hona Farm 500 gram,Split Hub,Aman,
35185,Ayam Negeri Organik Probiotik Parting 8 Hona Farm 800-900gram,Split Hub,Aman,
35320,Greenfields Fresh Milk Belgian Choco Almond 950 ml,Split Hub,Aman,
35334,Joyday Premice Belgian Chocolate 90 ml,Split Hub,Aman,
35376,Belfoods Royal Corn Flakes Chicken Nugget 250 gram,Split Hub,Aman,
35377,Belfoods Royal Nugget Mozzalicious 250 gram,Split Hub,Aman,
35782,Bernardi Beef Pepperoni 150 gram,Split Hub,Aman,
35784,Hati Ayam Kampung Astro Farm 250 gram,Split Hub,Aman,
35785,Ampela Ayam Kampung Astro Farm 250 gram,Split Hub,Aman,
35835,Okame Goku Kotsubu Natto Cup 3pcs x 170.1gr,Split Hub,Aman,
35865,Fresh Anchovies Crystal Of The Sea Teri Nasi 200 gram,Split Hub,Aman,
36005,Dada Ayam Utuh Sreeya 450 - 550gram,Split Hub,Aman,
36006,Paha Ayam Utuh Sreeya 450 - 550gram,Split Hub,Aman,
36235,Ayam Kampung Giling Astro Farm 250 gram,Split Hub,Aman,
36273,Sirloin Meltique Import  200 gram,Split Hub,Aman,
36274,Ribeye Meltique Import 200 gram,Split Hub,Aman,
36413,KIN Yogurt Slurp XL Mango Pouch 80 gram,Split Hub,Aman,
36414,KIN Yogurt Slurp XL Blueberry Pouch 80 gram,Split Hub,Aman,
36446,Bone in Short RIB MB4 Grassfed Meatboys x Astro Goods 300 gram,Split Hub,Aman,
36447,Wagyu MB5 Beef Slice Meatboys x Astro Goods 300 gram,Split Hub,Aman,
36498,Ground Beef Angus Grassfed Meatboys x Astro Goods 250gram 250 gram,Split Hub,Aman,
36593,Chicken Saikoro Astro Farm 450 - 550gram,Split Hub,Aman,
36594,Kepiting Soka 3-5 ekor 450gr - 500gr Astro Farm,Split Hub,Aman,
36665,Lele Fillet Organik 200gr - 230gr Astro Farm,Split Hub,Aman,
36732,Ikan Tenggiri Fillet 250 gram,Split Hub,Aman,
36733,Udang Pancet/Tiger 35/40 450gr - 500gr Astro Farm,Split Hub,Aman,
36942,Bistik Lidah Sapi Import Beef Ox Tongue 250 gram,Split Hub,Aman,
36943,Meltique Mess Beef AUS 1 kg,Split Hub,Aman,
36944,Daging Sapi Iga Jando (Brisket Bone) Import 1 kg,Split Hub,Aman,
36945,Iga Konro (Back Ribs) Import 500 gram,Split Hub,Aman,
37143,Salmon Cube Sikoro 250 gram,Split Hub,Aman,
37144,Ikan Kerapu Fillet 500 gram,Split Hub,Aman,
37145,Tako Leg Cut/Gurita Potong Matang 200 gram,Split Hub,Aman,
37146,Oyster/Kerang Tiram Kupas 250 gram,Split Hub,Aman,
37149,Cumi Sotong 10/20 Javasea 500 gram,Split Hub,Aman,
37150,Daging Sop Import 250 gram,Split Hub,Aman,
37151,Daging Sapi Giling Import 250 gram,Split Hub,Aman,
37152,Daging Rendang Import 250 gram,Split Hub,Aman,
37157,Sirloin PR Steak Grassfed Import 170-185gram,Split Hub,Aman,
37387,Hati Ayam Astro Farm 450 - 550gram,Split Hub,Aman,
37388,Ampela Ayam Astro Farm 450 - 550gram,Split Hub,Aman,
37651,Daging Slice Ekonomis Less Fat Import 500 gram,Split Hub,Aman,
37653,Daging Sirloin Slice Import 250 gram,Split Hub,Aman,
37654,Daging Slice Meltique Import 250 gram,Split Hub,Aman,
37655,Daging Slice Ekonomis Fatty Import 500 gram,Split Hub,Aman,
37656,Daging Sirloin Slice Import 500 gram,Split Hub,Aman,
37657,Daging Slice Meltique Import 500 gram,Split Hub,Aman,
40434,Rich's Double Cream 1000 gram,Split Hub,Aman,
40672,Walls Populaire Fruity Mango 90 ml 90 ml,Split Hub,Aman,
40673,Walls Cornetto Crunchy Milky Berry 80 ml,Split Hub,Aman,
40674,Walls Twister Grape Lychee 55 ml 55 ml,Split Hub,Aman,
40789,Hanzel Cocktail Sausages 360 gram,Split Hub,Aman,
40790,Hanzel Frankfurter Original Sausages 360 gram,Split Hub,Aman,
40791,Hanzel Frankfurter Mozarella Cheese Sausages 360 gram,Split Hub,Aman,
40792,Hanzel Bratwurst Mozarella Cheese Sausages 360 gram,Split Hub,Aman,
40793,Kanzler Singles Gochujang Bakso 55 gram,Split Hub,Aman,
40967,ILgusto Sosis Bratwurst Original 5pcs 360 gram,Split Hub,Aman,
40968,ILgusto Sosis Bratwurst Keju 5pcs 360 gram,Split Hub,Aman,
40969,ILgusto Sosis Bratwurst Blackpepper 5pcs 360 gram,Split Hub,Aman,
40970,Karawaci Spicy Chicken Wings 500 gram,Split Hub,Aman,
40971,Karawaci Sosis Sapi Serbaguna 500 gram,Split Hub,Aman,
40972,Karawaci Otak-Otak Ikan Panjang 500 gram,Split Hub,Aman,
40973,Karawaci Bakso Sapi Sule Urat 350gram 25 pcs,Split Hub,Aman,
40974,Karawaci Bakso Sapi Sule Polos 350gram 25 pcs,Split Hub,Aman,
40975,Karawaci Bakso Sapi Gepeng 500 gram,Split Hub,Aman,
41216,Mitraku Mix Furai 500 gram,Split Hub,Aman,
41313,Sayap Ayam Middle Wing 450-550gr Astro Farm,Split Hub,Aman,
41314,Sayap Ayam Wing Stick 450-550gr Astro Farm,Split Hub,Aman,
41315,Sayap Ayam Wing Tip 450-550gr Astro Farm,Split Hub,Aman,
41316,Fillet Dada Ayam 450-550gr Astro Farm,Split Hub,Aman,
41318,Smoked Duck/Bebek Asap 200 gram,Split Hub,Aman,
41319,Ayam Nanas Belfoods Potong 8pcs Sreeya 450 gram,Split Hub,Aman,
41320,BLD Ayam Nanas Belfoods Sreeya 200 gram,Split Hub,Aman,
41333,Chuka Wakame  200 gram,Split Hub,Aman,
41335,Daging Empal Astro Farm 250 gram,Split Hub,Aman,
41336,Daging Slice Dendeng Astro Farm 250 gram,Split Hub,Aman,
41337,Daging Sengkel Astro Farm 250 gram,Split Hub,Aman,
41350,Tani Organic Pure Lemon Juice Alora 500 ml,Split Hub,Aman,
41351,Tani Organic Pure Lemon Juice Alora 250 ml,Split Hub,Aman,
41426,Bumbu Sendok Bumbu Sendok Bawang Putih Cincang dalam Minyak 100 gram,Split Hub,Aman,
41427,Bumbu Sendok Bumbu Dasar Merah 100 gram,Split Hub,Aman,
41428,Bumbu Sendok Bawang Merah Cincang dalam Minyak 100 gram,Split Hub,Aman,
41429,Bumbu Sendok Bumbu Dasar Putih 100 gram,Split Hub,Aman,
41431,Bumbu Sendok Bumbu Dasar Kuning 100 gram,Split Hub,Aman,
41432,Bumbu Sendok Bumbu Sendok Bawang merah Iris dalam Minyak 100 gram,Split Hub,Aman,
41433,Bumbu Sendok Bawang Putih Iris dalam Minyak 100 gram,Split Hub,Aman,
41459,Belfoods Royal Fry and Shake dengan Barbeque Shaker 250 gram,Split Hub,Aman,
41531,Ikan Teri Jengki 100 gram,Split Hub,Aman,
41532,Ikan Asin Cumi Telur 250gram 250 gram,Split Hub,Aman,
41572,Metzger Herb Garlic Butter 150 gram,Split Hub,Aman,
41573,Metzger Herb Garlic Butter Cup 20 gram,Split Hub,Aman,
41627,Bumifood Fish Finger Nugget Ikan 200 gram,Split Hub,Aman,
41628,Mitraku Bakso Mix 500 gram,Split Hub,Aman,
41953,Ikan Salem Utuh 400-500gram,Split Hub,Aman,
41954,Ikan Asin Gabus 150 gram,Split Hub,Aman,
41996,Daging Sapi Burger/Beef Patty 5 Slice,Split Hub,Aman,
41997,Daging Sapi Rendang Premium Astro Farm 1 kg,Split Hub,Aman,
42155,Urat Sapi Astro Farm 200 gram,Split Hub,Aman,
42157,Tulang Kaldu Astro Farm 1 kg,Split Hub,Aman,
42160,Wings Middle Ayam Organic Probiotik 10pcs NaturalPoultry 200 gram,Split Hub,Aman,
42161,Tulang Punggung Ayam Organic Probiotik NaturalPoultry 1000 gram,Split Hub,Aman,
42301,Walls Paddle Pop Es Krim Jelly Stroberi 60 ml 60 gram,Split Hub,Aman,
42326,Sayap Ayam Wings Stick Sreeya 500gram,Split Hub,Aman,
42327,Hati Ayam Bersih Sreeya 500gr,Split Hub,Aman,
42328,Dada Ayam Slice 450-550gr Astro Farm,Split Hub,Aman,
42329,Paha Ayam Boneless (BSL) Astro Farm 250 gram,Split Hub,Aman,
42369,Hati Sapi Astro Farm 500 gram,Split Hub,Aman,
42370,Japanese Wagyu A5 Karubi Sashi 100gram,Split Hub,Aman,
42371,Japanese Wagyu A5 Rib Cap Sashi 100gram,Split Hub,Aman,
42372,Dada Ayam Boneless (BSB) Astro Farm 250 gram,Split Hub,Aman,
42373,Chicken Saikoro Astro Farm 250 gram,Split Hub,Aman,
42415,Bone Marrow import 550-650gram,Split Hub,Aman,
42416,Riverland Skinless Smoked Wieners Cocktail 300gram,Split Hub,Aman,
42446,Diamond Ice Cream Boba Milk Tea 700 ml,Split Hub,Aman,
42708,AUS Ribeye Redgum Cut Steak Portion 250 gram,Split Hub,Aman,
42713,Paru Mentah Utuh Astro Farm 500 gram,Split Hub,Aman,
42717,Green Rebel Mozzarella Cheese Style Block 165 gram,Split Hub,Aman,
42865,Heavenly Blush Yoguruto Lemon Yogurt Drink 200 ml 200 ml,Split Hub,Aman,
42866,Heavenly Blush Yoguruto Mango Yogurt Drink 200 ml 200 ml,Split Hub,Aman,
43226,Usus Rebus Ayam Astro Farm 450-550gram,Split Hub,Aman,
43227,Kepala Bersih Ayam Astro Farm 450 - 550gram 1 Pack,Split Hub,Aman,
43228,Tulang Punggung Ayam Potong 8 Astro Farm 1 kg 1 Pack,Split Hub,Aman,
43229,Paha Ayam Bawah Negeri Organik Probiotik Astro Farm 600 gram,Split Hub,Aman,
43230,Paha Ayam Boneless Fillet Organik Probiotik Astro Farm 250 gram,Split Hub,Aman,
23,Paha Ayam Parting Organik Probiotik Natural Poultry 1 kg,Split Hub,Aman,
117,Bakso Warisan Ibu Sapi Urat 10 pcs 200 gram,Split Hub,Aman,
1699,Diamond Juice Cranberry 964 ml,Split Hub,Aman,
5604,Ikan Nila Merah Bumbu Kuning - Astro Basics 450 gram,Split Hub,Aman,
5605,Ikan Lele Bumbu Kuning Astro Basics 400 gram,Split Hub,Aman,
5607,Ikan Mujair Bumbu Kuning Astro Basics 400 gram,Split Hub,Aman,
5842,Riverland Beef Nugget 500 gram,Split Hub,Aman,
6115,Cumi Utuh 4-6 cm Java Sea 200 gram,Split Hub,Aman,
6859,Sumber Selera Bakso SB Premium 25 pcs 325 gram,Split Hub,Aman,
6861,Hanzel Bratwurst Original Sausages 360 gram,Split Hub,Aman,
8527,Buntut Sapi AUS Astro Goods 500 gram,Split Hub,Aman,
21888,Benfarm Frankfurter Chicken Sausages 300 gram,Split Hub,Aman,
22296,Yakiniku Prime Beef Slice Meatboys x Astro Goods 250 gram,Split Hub,Aman,
22774,Ribeye Angus MB3+ Steak AUS Meatboys x Astro Goods 200 gram,Split Hub,Aman,
22775,Sirloin Angus MB3+ Steak AUS Meatboys x Astro Goods 200 gram,Split Hub,Aman,
24090,Karubi Wagyu Beef Slice AUS Meatboys x Astro Goods 250 gram,Split Hub,Aman,
24121,Dada Ayam Utuh Astro Basics 450 - 550gram,Split Hub,Aman,
24761,Ikan Tuna Steak Astro Goods 500gram 500 gram,Split Hub,Aman,
25653,Kanzler Crispy Chicken Stick Nugget 450 gram,Split Hub,Aman,
26844,Riverland Chicken Tatsuta Karaage 500 gram,Split Hub,Aman,
28093,Udang Utuh Isi 12 Ekor Java Sea 300 gram,Split Hub,Aman,
28335,Ayam Pejantan Utuh 600-700gr,Split Hub,Aman,
30181,Bebek Peking Utuh 1.1kg - 1.2kg,Split Hub,Aman,
30436,Daging Paha Kambing Import  500 gram,Split Hub,Aman,
30503,EDO Danish Pastry Sheet 750 gram,Split Hub,Aman,
31642,Daging Slice Dendeng Import 500 gram,Split Hub,Aman,
32335,El Primo Premium Beef Frankfurter Sausages 500 gram,Split Hub,Aman,
33753,Paletas Wey Gold Choco Avocado 100 gram,Split Hub,Aman,
34426,Weiwang Siomay Ayam Jamur 15 pcs,Split Hub,Aman,
34427,Weiwang Siomay Seafood 15 pcs,Split Hub,Aman,
35363,Green Rebel Truffle Cheeze/Keju Truffle Nabati 165 gram,Split Hub,Aman,
35783,Picanha Wagyu MB7 Steak Meatboys x Astro Goods 150 gram,Split Hub,Aman,
36057,Fiesta Chicken Nugget Nugget 400 gram,Split Hub,Aman,
36058,Fiesta Nugget Dino 400 gram,Split Hub,Aman,
36059,Fiesta Cheesy Lover 400 gram,Split Hub,Aman,
36060,Fiesta Zoo Nugget 400 gram,Split Hub,Aman,
36063,Fiesta Stikie Nugget 400 gram,Split Hub,Aman,
36064,Fiesta Chicken Nugget Crispy Bubble 400 gram,Split Hub,Aman,
36445,Fiesta Crispy Bubble Katsu 400 gram,Split Hub,Aman,
36499,Ribeye Wagyu MB7 Steak Meatboys x Astro Goods 250 gram,Split Hub,Aman,
36886,Daging Sate Kambing Import  300 gram,Split Hub,Aman,
37389,Jantung Ayam Astro Farm 450 - 550gram,Split Hub,Aman,
40787,Hanzel Bratwurst Blackpepper Sausages 360 gram,Split Hub,Aman,
40788,Hanzel Cheese Cocktail Sausages 360 gram,Split Hub,Aman,
40898,Walls Tropical Delight 700 ml,Split Hub,Aman,
41957,Kepala Salmon 1 pcs 280-400gram,Split Hub,Aman,
42000,Daging Sapi Rendang Premium Astro Farm 500 gram,Split Hub,Aman,
42156,Usus Sapi Rebus Astro Farm 500 gram,Split Hub,Aman,
42408,Zabuton US Prime Tenji Meat 200 gram,Split Hub,Aman,
42409,Bulgalbi US Prime Tenji Meat 260-290gram,Split Hub,Aman,
42410,Ribeye Steak MB5 Tenji Meat 200 gram,Split Hub,Aman,
42411,Striploin Steak MB7 Tenji Meat 200 gram,Split Hub,Aman,
42412,Dry Aged 40 days Ribeye Steak Tenji Meat 220 gram,Split Hub,Aman,
42413,Bone In Galbi Us Prime Tenji Meat 500 gram,Split Hub,Aman,
42414,Special Wagyu Minced Beef Tenji Meat 500 gram,Split Hub,Aman,
42712,Daging Gule Kambing dengan Tulang Astro Farm 500 gram,Split Hub,Aman,
43107,Kembung FIllet 300gram 1 Pack,Split Hub,Aman,
,,Split Hub,Aman,
,,Split Hub,Aman,
,,Split Hub,Aman,
,,Split Hub,Aman,
,,Split Hub,Aman,
,,Split Hub,Aman,
,,Split Hub,Aman,
,,Split Hub,Aman,
,,Split Hub,Aman,
,,Split Hub,Aman,
,,Split Hub,Aman,
,,Split Hub,Aman,
,,Split Hub,Aman,
,,Split Hub,Aman,
,,Split Hub,Aman,
,,Split Hub,Aman,
,,Split Hub,Aman,
,,Split Hub,Aman,
,,Split Hub,Aman,
,,Split Hub,Aman,
,,Split Hub,Aman,
,,Split Hub,Aman,
,,Split Hub,Aman,
,,Split Hub,Aman,
,,Split Hub,Aman,
,,Split Hub,Aman,
,,Split Hub,Aman,
,,Split Hub,Aman,
,,Split Hub,Aman,
,,Split Hub,Aman,
,,Split Hub,Aman,
,,Split Hub,Aman,
,,Split Hub,Aman,
,,Split Hub,Aman,
,,Split Hub,Aman,
,,Split Hub,Aman,
,,Split Hub,Aman,
,,Split Hub,Aman,
,,Split Hub,Aman,
,,Split Hub,Aman,
,,Split Hub,Aman,
,,Split Hub,Aman,
,,Split Hub,Aman,
,,Split Hub,Aman,
,,Split Hub,Aman,
,,Split Hub,Aman,
,,Split Hub,Aman,
,,Split Hub,Aman,
,,Split Hub,Aman,
,,Split Hub,Aman,
,,Split Hub,Aman,
,,Split Hub,Aman,
,,Split Hub,Aman,
,,Split Hub,Aman,
,,Split Hub,Aman,
,,Split Hub,Aman,
,,Split Hub,Aman,
,,Split Hub,Aman,
,,Split Hub,Aman,
,,Split Hub,Aman,
,,Split Hub,Aman,
,,Split Hub,Aman,
,,Split Hub,Aman,
,,Split Hub,Aman,
,,Split Hub,Aman,
,,Split Hub,Aman,
,,Split Hub,Aman,
,,Split Hub,Aman,
,,Split Hub,Aman,
,,Split Hub,Aman,
,,Split Hub,Aman,
,,Split Hub,Aman,
,,Split Hub,Aman,
,,Split Hub,Aman,
,,Split Hub,Aman,
,,Split Hub,Aman,
,,Split Hub,Aman,
,,Split Hub,Aman,
,,Split Hub,Aman,
,,Split Hub,Aman,
,,Split Hub,Aman,
,,Split Hub,Aman,
,,Split Hub,Aman,
,,Split Hub,Aman,
,,Split Hub,Aman,
,,Split Hub,Aman,
,,Split Hub,Aman,
,,Split Hub,Aman,
,,Split Hub,Aman,
,,Split Hub,Aman,
,,Split Hub,Aman,
,,Split Hub,Aman,
,,Split Hub,Aman,
,,Split Hub,Aman,
,,Split Hub,Aman,
,,Split Hub,Aman,
,,Split Hub,Aman,
,,Split Hub,Aman,
,,Split Hub,Aman,
,,Split Hub,Aman,
,,Split Hub,Aman,
,,Split Hub,Aman,
,,Split Hub,Aman,
,,Split Hub,Aman,
,,Split Hub,Aman,
,,Split Hub,Aman,
,,Split Hub,Aman,
,,Split Hub,Aman,
,,Split Hub,Aman,
,,Split Hub,Aman,
,,Split Hub,Aman,
,,Split Hub,Aman,
,,Split Hub,Aman,
,,Split Hub,Aman,
,,Split Hub,Aman,
,,Split Hub,Aman,
,,Split Hub,Aman,
,,Split Hub,Aman,
,,Split Hub,Aman,
,,Split Hub,Aman,
,,Split Hub,Aman,
,,Split Hub,Aman,
,,Split Hub,Aman,
,,Split Hub,Aman,
,,Split Hub,Aman,
,,Split Hub,Aman,
,,Split Hub,Aman,
,,Split Hub,Aman,
,,Split Hub,Aman,
,,Split Hub,Aman,
,,Split Hub,Aman,
,,Split Hub,Aman,
,,Split Hub,Aman,
,,Split Hub,Aman,
,,Split Hub,Aman,
,,Split Hub,Aman,
,,Split Hub,Aman,
,,Split Hub,Aman,
,,Split Hub,Aman,
,,Split Hub,Aman,
,,Split Hub,Aman,
,,Split Hub,Aman,
,,Split Hub,Aman,
,,Split Hub,Aman,
,,Split Hub,Aman,
,,Split Hub,Aman,
,,Split Hub,Aman,
,,Split Hub,Aman,
,,Split Hub,Aman,
,,Split Hub,Aman,
,,Split Hub,Aman,
,,Split Hub,Aman,
,,Split Hub,Aman,
,,Split Hub,Aman,
,,Split Hub,Aman,
,,Split Hub,Aman,
,,Split Hub,Aman,
,,Split Hub,Aman,
,,Split Hub,Aman,
,,Split Hub,Aman,
,,Split Hub,Aman,
,,Split Hub,Aman,
,,Split Hub,Aman,
,,Split Hub,Aman,
,,Split Hub,Aman,
,,Split Hub,Aman,
,,Split Hub,Aman,
,,Split Hub,Aman,
,,Split Hub,Aman,
,,Split Hub,Aman,
,,Split Hub,Aman,
,,Split Hub,Aman,
,,Split Hub,Aman,
,,Split Hub,Aman,
,,Split Hub,Aman,
,,Split Hub,Aman,
,,Split Hub,Aman,
,,Split Hub,Aman,
,,Split Hub,Aman,
,,Split Hub,Aman,
,,Split Hub,Aman,
,,Split Hub,Aman,
,,Split Hub,Aman,
,,Split Hub,Aman,
,,Split Hub,Aman,
,,Split Hub,Aman,
,,Split Hub,Aman,
,,Split Hub,Aman,
,,Split Hub,Aman,
,,Split Hub,Aman,
,,Split Hub,Aman,
,,Split Hub,Aman,
,,Split Hub,Aman,
,,Split Hub,Aman,
,,Split Hub,Aman,
,,Split Hub,Aman,
,,Split Hub,Aman,
,,Split Hub,Aman,
,,Split Hub,Aman,
,,Split Hub,Aman,
,,Split Hub,Aman,
,,Split Hub,Aman,
,,Split Hub,Aman,
,,Split Hub,Aman,
,,Split Hub,Aman,
,,Split Hub,Aman,
,,Split Hub,Aman,
,,Split Hub,Aman,
,,Split Hub,Aman,
,,Split Hub,Aman,
,,Split Hub,Aman,
,,Split Hub,Aman,
,,Split Hub,Aman,
,,Split Hub,Aman,
,,Split Hub,Aman,
,,Split Hub,Aman,
,,Split Hub,Aman,
,,Split Hub,Aman,
,,Split Hub,Aman,
,,Split Hub,Aman,
,,Split Hub,Aman,
,,Split Hub,Aman,
,,Split Hub,Aman,
,,Split Hub,Aman,
,,Split Hub,Aman,
,,Split Hub,Aman,
,,Split Hub,Aman,
,,Split Hub,Aman,
,,Split Hub,Aman,
,,Split Hub,Aman,
,,Split Hub,Aman,
,,Split Hub,Aman,
,,Split Hub,Aman,
,,Split Hub,Aman,
,,Split Hub,Aman,
,,Split Hub,Aman,
,,Split Hub,Aman,
,,Split Hub,Aman,
,,Split Hub,Aman,
,,Split Hub,Aman,
,,Split Hub,Aman,
,,Split Hub,Aman,
,,Split Hub,Aman,
,,Split Hub,Aman,
,,Split Hub,Aman,
,,Split Hub,Aman,
,,Split Hub,Aman,
,,Split Hub,Aman,
,,Split Hub,Aman,
,,Split Hub,Aman,
,,Split Hub,Aman,
,,Split Hub,Aman,
,,Split Hub,Aman,
,,Split Hub,Aman,
,,Split Hub,Aman,
,,Split Hub,Aman,
,,Split Hub,Aman,
,,Split Hub,Aman,
,,Split Hub,Aman,
,,Split Hub,Aman,
,,Split Hub,Aman,
,,Split Hub,Aman,
,,Split Hub,Aman,
,,Split Hub,Aman,
,,Split Hub,Aman,
,,Split Hub,Aman,
,,Split Hub,Aman,
,,Split Hub,Aman,
,,Split Hub,Aman,
,,Split Hub,Aman,
,,Split Hub,Aman,
,,Split Hub,Aman,
,,Split Hub,Aman,
,,Split Hub,Aman,
,,Split Hub,Aman,
,,Split Hub,Aman,
,,Split Hub,Aman,
,,Split Hub,Aman,
,,Split Hub,Aman,
,,Split Hub,Aman,
,,Split Hub,Aman,
,,Split Hub,Aman,
,,Split Hub,Aman,
,,Split Hub,Aman,
,,Split Hub,Aman,
,,Split Hub,Aman,
,,Split Hub,Aman,
,,Split Hub,Aman,
,,Split Hub,Aman,
,,Split Hub,Aman,
,,Split Hub,Aman,
,,Split Hub,Aman,
,,Split Hub,Aman,
,,Split Hub,Aman,
,,Split Hub,Aman,
,,Split Hub,Aman,
,,Split Hub,Aman,
,,Split Hub,Aman,
,,Split Hub,Aman,
,,Split Hub,Aman,
,,Split Hub,Aman,
,,Split Hub,Aman,
,,Split Hub,Aman,
,,Split Hub,Aman,
,,Split Hub,Aman,
,,Split Hub,Aman,
,,Split Hub,Aman,
,,Split Hub,Aman,
,,Split Hub,Aman,
,,Split Hub,Aman,
,,Split Hub,Aman,
,,Split Hub,Aman,
,,Split Hub,Aman,
,,Split Hub,Aman,
,,Split Hub,Aman,
,,Split Hub,Aman,
,,Split Hub,Aman,
,,Split Hub,Aman,
,,Split Hub,Aman,
,,Split Hub,Aman,
,,Split Hub,Aman,
,,Split Hub,Aman,
,,Split Hub,Aman,
,,Split Hub,Aman,
,,Split Hub,Aman,
,,Split Hub,Aman,
,,Split Hub,Aman,
,,Split Hub,Aman,
,,Split Hub,Aman,
,,Split Hub,Aman,
,,Split Hub,Aman,
,,Split Hub,Aman,
,,Split Hub,Aman,
,,Split Hub,Aman,
,,Split Hub,Aman,
,,Split Hub,Aman,
,,Split Hub,Aman,
,,Split Hub,Aman,
,,Split Hub,Aman,
,,Split Hub,Aman,
,,Split Hub,Aman,
,,Split Hub,Aman,
,,Split Hub,Aman,
,,Split Hub,Aman,
,,Split Hub,Aman,
,,Split Hub,Aman,
,,Split Hub,Aman,
,,Split Hub,Aman,
,,Split Hub,Aman,
,,Split Hub,Aman,
,,Split Hub,Aman,
,,Split Hub,Aman,
,,Split Hub,Aman,
,,Split Hub,Aman,
,,Split Hub,Aman,
,,Split Hub,Aman,
,,Split Hub,Aman,
,,Split Hub,Aman,